<?xml version="1.0" encoding="UTF-8"?>
<project-private xmlns="http://www.netbeans.org/ns/project-private/1">
    <editor-bookmarks xmlns="http://www.netbeans.org/ns/editor-bookmarks/2" lastBookmarkId="0"/>
    <open-files xmlns="http://www.netbeans.org/ns/projectui-open-files/2">
        <group>
            <file>file:/C:/Users/Hyunsun/Documents/NetBeansProjects/recipeSearch/src/gui/PlayListDisplay.java</file>
            <file>file:/C:/Users/Hyunsun/Documents/NetBeansProjects/recipeSearch/src/gui/MainMenu.java</file>
            <file>file:/C:/Users/Hyunsun/Documents/NetBeansProjects/recipeSearch/src/gui/PlayListSearch.java</file>
            <file>file:/C:/Users/Hyunsun/Documents/NetBeansProjects/recipeSearch/src/gui/ProductEditor.java</file>
            <file>file:/C:/Users/Hyunsun/Documents/NetBeansProjects/recipeSearch/src/gui/NewRecipe.java</file>
            <file>file:/C:/Users/Hyunsun/Documents/NetBeansProjects/recipeSearch/src/gui/ViewRecipe.java</file>
            <file>file:/C:/Users/Hyunsun/Documents/NetBeansProjects/recipeSearch/src/gui/CreateProfile.java</file>
            <file>file:/C:/Users/Hyunsun/Documents/NetBeansProjects/recipeSearch/src/gui/YesProfile.java</file>
            <file>file:/C:/Users/Hyunsun/Documents/NetBeansProjects/recipeSearch/src/gui/ProductReport.java</file>
            <file>file:/C:/Users/Hyunsun/Documents/NetBeansProjects/recipeSearch/src/gui/SearchRecipe.java</file>
            <file>file:/C:/Users/Hyunsun/Documents/NetBeansProjects/recipeSearch/src/gui/NoProfile.java</file>
        </group>
    </open-files>
</project-private>
